<?xml version="1.0" encoding="UTF-8"?>
<project-private xmlns="http://www.netbeans.org/ns/project-private/1">
    <editor-bookmarks xmlns="http://www.netbeans.org/ns/editor-bookmarks/2" lastBookmarkId="0"/>
    <open-files xmlns="http://www.netbeans.org/ns/projectui-open-files/2">
        <group>
            <file>file:/C:/OneDrive/OneDrive%20-%20Algonquin%20College/PHPIDE/Ampps4.3/www/CST8259Lab7Part2/RestaurantReviews.php</file>
            <file>file:/C:/OneDrive/OneDrive%20-%20Algonquin%20College/PHPIDE/Ampps4.3/www/CST8259Lab7Part2/Lab7Part2.ini</file>
        </group>
    </open-files>
</project-private>
