<?xml version="1.0" encoding="utf-8"?>
<restaurant_reviews xmlns:xsi="http://www.w3.org/2001/XMLSchema-instance" xmlns:xsd="http://www.w3.org/2001/XMLSchema" xmlns="http://www.algonquincollege.com/cst8259/labs">
  <restaurant>
    <name>Giovanni's Italia Fine Dining</name>
    <address>
      <street_address>2100 Lakeview Road</street_address>
      <city>Toronto</city>
      <state_province>ON</state_province>
      <zip_postal_code>K1K 1K1</zip_postal_code>
    </address>
    <cost min="0" max="5">1</cost>
    <food_type>Italian</food_type>
    <rating min="0" max="5">1</rating>
    <summary>Giovanni’s Italia Fine Dinning is a completely restored Victorian stone house and offers a warm and elegant atmosphere and gracious service</summary>
  </restaurant>
  <restaurant>
    <name>Gong's Asian Cuisine</name>
    <address>
      <street_address>1385 Woodroffe Avenue</street_address>
      <city>Ottawa</city>
      <state_province>ON</state_province>
      <zip_postal_code>K2G 1V8</zip_postal_code>
    </address>
    <cost min="1" max="4">2</cost>
    <food_type>Asian</food_type>
    <rating min="1" max="5">5</rating>
    <summary>The food is always consistent. A good variety of dim sum, sushi, Chinese and even Vietnamese dishes. The service is quick and the food is plentiful. We sat down last night and within seconds of turning in our first order, the plates were on the table! The teriyaki dishes had the right amount of sauce and weren't sickeningly sweet. The chicken, fish, and beef were perfectly cooked. The maki-rolls were neatly rolled, cut properly and seasoned well. Loved the General Tao chicken, the steamed BBQ pork buns, the eel sushi and the lovely eggplant. We will be going back again! I would highly recommend it.</summary>
  </restaurant>
  <restaurant>
    <name>Baker Street TexMex Grill</name>
    <address>
      <street_address>100 Baker Street</street_address>
      <city>Toronto</city>
      <state_province>BC</state_province>
      <zip_postal_code>T1T1T1</zip_postal_code>
    </address>
    <cost min="1" max="5">2</cost>
    <food_type>Mexican</food_type>
    <rating min="0" max="5">3</rating>
    <summary>My favorite restaurant in Ottawa. The family who owns it are very warm and lovely people. They are incredible at recognizing you when you come back. The burritos are super good. You can customize however you want (guac is included!). I especially love that there is cactus in the veggie mix; it is a small, special thing that sets this place apart from other Mexican spots downtown.</summary>
  </restaurant>
  <restaurant>
    <name>Tim Hortons 4</name>
    <address>
      <street_address>4444 March Road</street_address>
      <city>Ottawa</city>
      <state_province>ON</state_province>
      <zip_postal_code>K1K 1K1</zip_postal_code>
    </address>
    <cost min="0" max="5">5</cost>
    <food_type>Canadian</food_type>
    <rating min="0" max="5">4</rating>
    <summary>Tim Hortons 4</summary>
  </restaurant>
  <restaurant>
    <name>Tim Hortons 5</name>
    <address>
      <street_address>500 March Road</street_address>
      <city>K1K 1K1</city>
      <state_province>ON</state_province>
      <zip_postal_code>K1K 1K1</zip_postal_code>
    </address>
    <cost min="0" max="5">2</cost>
    <food_type>Canadian</food_type>
    <rating min="0" max="5">2</rating>
    <summary>Tim Horton's</summary>
  </restaurant>
  <restaurant>
    <name>Sushi Ottawa</name>
    <address>
      <street_address>2000 Lakeview Road</street_address>
      <city>Kingston</city>
      <state_province>QC</state_province>
      <zip_postal_code>K2K 2K2</zip_postal_code>
    </address>
    <cost min="0" max="5">5</cost>
    <food_type>Japenses</food_type>
    <rating min="0" max="5">4</rating>
    <summary>Number 1 Sushi</summary>
  </restaurant>
  <restaurant>
    <name>Tim Hortons 400</name>
    <address>
      <street_address>4000 March Road</street_address>
      <city>Ottawa</city>
      <state_province>ON</state_province>
      <zip_postal_code>K1K 1K1</zip_postal_code>
    </address>
    <cost min="0" max="5">5</cost>
    <food_type>Canadian</food_type>
    <rating min="0" max="5">4</rating>
    <summary>Tim Hortons 4</summary>
  </restaurant>
</restaurant_reviews>